DATE;AMZN;DIS;BA;HLT;CCL
19/02/2016;534.900024;89.636536;104.235085;39.283195;40.760334
22/02/2016;559.500000;90.919617;106.253510;39.322716;41.937717
23/02/2016;552.940002;89.985603;105.809990;39.283195;42.262810
24/02/2016;554.039978;90.032784;104.624275;39.302959;42.201305
25/02/2016;555.150024;90.240341;105.737579;39.915520;42.623055
26/02/2016;555.229980;89.919571;106.950470;40.903526;42.473682
29/02/2016;552.520020;90.117691;106.968567;41.061615;42.139793
01/03/2016;579.039978;92.127228;108.579712;41.397530;43.018440
02/03/2016;580.210022;91.514000;108.299133;42.266983;42.315533
03/03/2016;577.489990;93.231056;108.262909;42.662182;42.218876
04/03/2016;575.140015;92.910286;109.584396;43.254986;42.148582
07/03/2016;562.799988;93.768822;111.240807;42.602901;41.340233
08/03/2016;560.260010;92.287613;110.742973;41.377777;40.733959
09/03/2016;559.469971;92.136665;111.204590;41.041840;40.830624
10/03/2016;558.929993;91.551720;111.276993;40.528088;40.681252
11/03/2016;569.609985;92.400841;112.806671;42.010101;42.095871
14/03/2016;573.369995;93.221619;114.354446;42.108894;42.280384
15/03/2016;577.020020;92.683853;114.372559;41.733463;42.095871
16/03/2016;574.270020;92.872551;115.467781;42.090321;42.904221
17/03/2016;559.440002;93.966934;118.300827;42.110146;43.027222
18/03/2016;552.080017;93.589554;121.251572;43.636734;43.607143
21/03/2016;553.979980;92.891411;122.971313;44.429771;43.738937
22/03/2016;560.479980;92.061188;122.301529;44.172039;42.833927
23/03/2016;569.630005;91.353615;120.255920;43.497959;42.227665
24/03/2016;582.950012;91.721550;119.586113;43.755692;42.983299
28/03/2016;579.869995;92.542328;118.834846;44.172039;43.071163
29/03/2016;593.859985;92.608383;118.463760;44.528900;43.615929
30/03/2016;598.690002;93.315971;116.381958;45.064205;46.014626
31/03/2016;593.640015;93.693352;114.897522;44.647861;46.366081
01/04/2016;598.500000;93.466919;114.915634;43.636734;46.348507
04/04/2016;593.190002;93.098969;114.354446;43.993599;46.594524
05/04/2016;586.140015;91.514000;114.979004;43.299706;45.250202
06/04/2016;602.080017;91.966843;115.793617;44.112564;45.680744
07/04/2016;591.429993;90.721504;114.951851;43.815170;44.969036
08/04/2016;594.599976;90.966797;115.748352;44.211689;44.933891
11/04/2016;595.929993;90.825272;115.775513;44.211689;44.635159
12/04/2016;603.169983;91.844208;117.187531;44.528900;45.012970
13/04/2016;614.820007;93.853737;118.699066;45.202980;45.408352
14/04/2016;620.750000;93.051788;118.436592;45.024548;45.311699
15/04/2016;625.890015;93.014061;118.690018;44.588383;44.828453
18/04/2016;635.349976;95.740616;119.450378;44.072906;44.670296
19/04/2016;627.900024;96.834999;120.092979;44.231522;44.459419
20/04/2016;632.989990;97.429375;118.183174;43.458302;43.967381
21/04/2016;631.000000;97.089737;118.337036;43.854824;43.211746
22/04/2016;620.500000;97.901100;118.617622;42.923004;42.623055
25/04/2016;626.200012;98.655853;118.346092;43.101437;43.264465
26/04/2016;616.880005;98.957764;120.599854;42.903183;43.167820
27/04/2016;606.570007;99.325691;124.075577;44.172039;43.484135
28/04/2016;602.000000;98.146393;122.011871;44.092731;42.798782
29/04/2016;659.590027;97.419945;122.011871;43.716042;43.097527
02/05/2016;683.849976;98.457741;121.296791;44.112564;43.519264
03/05/2016;671.320007;97.910530;119.921021;44.013428;43.484135
04/05/2016;670.900024;97.806747;118.472816;43.696217;43.194180
05/05/2016;659.090027;98.995499;119.549934;43.696217;42.517620
06/05/2016;673.950012;99.570992;120.617958;43.676380;43.246895
09/05/2016;679.750000;99.382301;119.568039;43.894474;43.703789
10/05/2016;703.070007;100.571045;121.939484;45.282291;44.274906
11/05/2016;713.229980;96.504807;121.364578;44.172039;44.178257
12/05/2016;717.929993;95.957596;122.660362;43.478130;44.854813
13/05/2016;709.919983;94.834900;120.561562;42.625618;43.580776
16/05/2016;710.659973;94.683952;122.404861;43.141087;43.923447
17/05/2016;695.270020;94.287720;120.963066;43.121258;43.870728
18/05/2016;697.450012;93.400871;119.530434;41.927876;44.222191
19/05/2016;698.520020;92.844254;116.875000;41.012939;43.536854
20/05/2016;702.799988;94.136757;116.245369;40.853821;43.958595
23/05/2016;696.750000;93.570686;116.418755;41.012939;43.853161
24/05/2016;704.200012;93.882042;116.345734;41.450516;44.661510
25/05/2016;708.349976;94.212242;117.586754;41.689198;43.909492
26/05/2016;714.909973;94.165054;117.997391;40.774273;42.104626
27/05/2016;712.239990;94.617912;117.915268;41.271511;42.998207
31/05/2016;722.789978;93.608437;115.113853;41.331177;42.237331
01/06/2016;719.440002;92.948021;115.351105;41.649418;42.511597
02/06/2016;728.239990;93.136711;115.752602;42.982044;42.759327
03/06/2016;725.539978;93.165016;116.236237;43.200817;42.246181
06/06/2016;726.729980;93.193321;120.360817;43.777630;41.644558
07/06/2016;723.739990;92.787643;120.388176;43.419609;42.024994
08/06/2016;726.640015;92.495163;121.364578;43.200817;42.184254
09/06/2016;727.650024;92.306473;121.455841;42.962154;42.493904
10/06/2016;717.909973;91.834770;119.667274;42.126774;41.715340
13/06/2016;715.239990;92.051743;118.554047;42.126774;41.264114
14/06/2016;719.299988;92.834816;119.083298;42.047211;41.157959
15/06/2016;714.260010;92.712158;118.773033;43.121254;41.812664
16/06/2016;717.510010;92.815941;118.052132;43.240604;41.998459
17/06/2016;706.390015;93.400871;118.462799;44.692570;42.299259
20/06/2016;714.010010;93.938629;121.136444;46.064968;42.909725
21/06/2016;715.820007;93.231056;120.014046;45.488163;43.042439
22/06/2016;710.599976;93.202759;120.242203;45.488163;43.228237
23/06/2016;722.080017;93.419739;121.866478;46.601997;43.670605
24/06/2016;698.960022;90.306381;115.451469;43.459393;40.388237
27/06/2016;691.359985;89.042168;111.965668;42.027325;38.609909
28/06/2016;707.950012;90.617714;113.051552;42.803036;38.689545
29/06/2016;715.599976;91.495132;115.880363;44.334545;39.344246
30/06/2016;715.619995;92.287613;118.508415;44.811913;39.105358
01/07/2016;725.679993;92.485725;118.344154;45.508053;39.689293
05/07/2016;728.099976;92.136665;115.862114;44.513565;38.707230
06/07/2016;737.609985;92.881973;115.852982;44.891468;38.202938
07/07/2016;736.570007;93.518692;116.044609;45.428493;38.769161
08/07/2016;745.809998;94.668541;118.709160;46.403099;39.388474
11/07/2016;753.780029;95.010651;120.488571;46.661663;40.370533
12/07/2016;748.210022;95.219711;119.366165;47.258366;41.326057
13/07/2016;742.630005;94.915611;118.727409;46.979900;41.272976
14/07/2016;741.200012;95.001144;120.041435;47.158913;40.981007
15/07/2016;735.440002;94.839592;120.807938;47.318031;40.096268
18/07/2016;736.070007;95.172203;121.756966;47.715828;40.361691
19/07/2016;739.950012;94.526001;122.879349;47.516926;39.928165
20/07/2016;745.719971;93.338120;122.934128;47.735718;40.715588
21/07/2016;744.429993;93.138565;121.848213;47.676044;40.096268
22/07/2016;744.859985;92.853477;121.793449;48.411964;40.644806
25/07/2016;739.609985;92.549377;121.309822;47.616383;40.972160
26/07/2016;735.590027;91.884163;123.052734;47.477150;40.848297
27/07/2016;736.669983;91.542076;124.065628;46.084854;40.981007
28/07/2016;752.609985;91.142944;121.373680;45.527935;41.140259
29/07/2016;758.809998;91.180946;121.966843;46.124645;41.334904
01/08/2016;767.739990;90.791344;121.556206;46.383205;41.326057
02/08/2016;760.580017;90.287674;120.087067;45.488163;40.043186
03/08/2016;754.640015;91.313988;120.333450;45.408604;40.370533
04/08/2016;760.770020;90.430222;119.731178;45.905849;40.839443
05/08/2016;765.979980;91.066917;120.205673;46.641773;41.626862
08/08/2016;766.559998;90.990891;120.625458;47.377693;41.122566
09/08/2016;768.309998;91.865158;121.017822;47.099243;39.857388
10/08/2016;768.559998;92.996010;121.707878;46.860565;40.202438
11/08/2016;771.239990;92.910484;122.370308;47.059464;40.627106
12/08/2016;772.559998;92.026711;122.462334;47.556721;40.733284
15/08/2016;768.489990;92.273796;123.897667;47.974396;40.830608
16/08/2016;764.039978;92.064728;124.210487;48.471634;41.211040
17/08/2016;764.630005;92.055237;123.952888;48.431747;41.573784
18/08/2016;764.460022;91.846169;124.210487;48.172447;41.379135
19/08/2016;757.309998;91.599083;123.695229;48.212330;41.255276
22/08/2016;759.479980;91.104927;124.201279;48.172447;41.502995
23/08/2016;762.450012;91.199959;123.419220;48.132542;42.281567
24/08/2016;757.250000;91.057411;122.637154;48.212330;42.147884
25/08/2016;759.219971;90.800842;122.351921;48.272175;42.058758
26/08/2016;769.000000;90.477737;121.661873;47.913124;41.978539
29/08/2016;771.289978;90.154625;122.278328;47.873230;42.049831
30/08/2016;767.580017;90.145119;120.355362;47.434395;42.254829
31/08/2016;769.159973;89.765015;119.104057;47.613914;42.602417
01/09/2016;770.619995;89.574944;119.518097;47.414444;43.404560
02/09/2016;772.440002;89.726990;120.677406;47.354618;41.345745
06/09/2016;788.869995;89.137817;122.361122;47.135189;40.882290
07/09/2016;784.479980;89.052292;122.039116;47.175087;40.374264
08/09/2016;784.059998;89.413391;122.278328;46.696346;39.982113
09/09/2016;760.140015;87.826408;118.257591;45.339943;39.545391
12/09/2016;771.489990;88.985779;119.720520;45.978245;40.302967
13/09/2016;761.010010;88.092476;118.469208;45.738884;40.668377
14/09/2016;761.090027;87.674347;117.466316;46.137825;41.203144
15/09/2016;769.690002;87.902420;117.558319;46.077980;41.417046
16/09/2016;778.520020;87.959457;116.573845;45.938354;41.220963
19/09/2016;775.099976;88.025970;117.291512;45.918407;40.909019
20/09/2016;780.219971;88.330063;117.576736;46.496872;41.167488
21/09/2016;789.739990;87.797897;120.125343;46.496872;40.837719
22/09/2016;804.700012;88.767204;121.330650;47.015503;41.746811
23/09/2016;805.750000;88.634148;121.247833;47.075348;42.121143
26/09/2016;799.159973;87.389275;120.134537;45.778782;41.417046
27/09/2016;816.109985;87.161194;120.824608;45.998192;43.092617
28/09/2016;828.719971;87.617332;121.661873;45.599258;43.475853
29/09/2016;829.049988;87.237228;120.557777;45.519466;43.012405
30/09/2016;837.309998;88.244537;121.211037;45.738884;43.511509
03/10/2016;836.739990;87.892921;121.799881;45.639149;43.787807
04/10/2016;834.030029;87.987953;121.680283;45.539413;43.841278
05/10/2016;844.359985;87.854912;123.897667;45.359894;43.466949
06/10/2016;841.659973;88.216026;123.676834;44.941002;43.520428
07/10/2016;839.429993;87.892921;123.152390;44.741524;42.557861
10/10/2016;841.710022;87.892921;124.983353;45.539413;42.343960
11/10/2016;831.000000;87.294243;123.051201;44.980888;41.755722
12/10/2016;834.090027;86.866615;122.517548;45.379837;41.622032
13/10/2016;829.280029;86.591026;122.719978;45.319992;41.702248
14/10/2016;822.960022;86.762070;122.830399;45.659088;41.131844
17/10/2016;812.950012;86.315437;123.290436;45.379837;41.096180
18/10/2016;817.650024;86.638527;124.302536;45.938354;41.461613
19/10/2016;817.690002;87.360764;125.296181;46.077980;41.550724
20/10/2016;810.320007;87.455795;124.983353;45.878510;42.067669
21/10/2016;818.989990;88.406082;124.790154;45.698990;41.630947
24/10/2016;838.090027;88.729187;126.464684;45.758823;41.889404
25/10/2016;835.179993;88.140007;127.909233;45.339943;41.818104
26/10/2016;822.590027;88.843224;133.908112;44.522102;42.023102
27/10/2016;818.359985;89.346878;131.856323;44.382477;41.470509
28/10/2016;776.320007;89.185326;131.580322;44.382477;43.181740
31/10/2016;789.820007;88.082977;131.046677;45.080624;43.761066
01/11/2016;785.409973;87.797897;131.028275;44.761471;43.155006
02/11/2016;765.559998;87.341759;129.500946;44.482212;43.021317
03/11/2016;767.030029;88.729187;128.829269;44.442314;43.065880
04/11/2016;755.049988;87.854912;128.387665;45.060673;42.816330
07/11/2016;784.929993;89.736504;131.598709;45.698990;43.663033
08/11/2016;787.750000;89.688988;131.839767;46.619366;44.402771
09/11/2016;771.880005;89.936058;134.519180;47.239628;43.992794
10/11/2016;742.380005;90.240166;136.929779;46.939507;44.491898
11/11/2016;739.010010;92.824959;137.699310;47.439716;44.402771
14/11/2016;719.070007;93.053040;139.062210;48.660217;45.258385
15/11/2016;743.239990;92.843964;137.319183;49.000359;45.427727
16/11/2016;746.489990;94.193405;135.770874;49.120407;45.400997
17/11/2016;756.400024;94.430969;134.741730;49.160427;45.900097
18/11/2016;760.159973;93.357132;135.687424;48.860306;45.900097
21/11/2016;780.000000;92.777458;136.308609;49.280472;45.686199
22/11/2016;785.330017;92.853477;138.626465;49.720661;46.457958
23/11/2016;780.119995;93.376144;138.830444;50.080814;46.933571
25/11/2016;780.369995;93.908310;139.108566;50.641041;47.157925
28/11/2016;766.770020;94.050850;138.858246;49.640625;46.718204
29/11/2016;762.520020;94.716057;140.591995;49.640625;47.759174
30/11/2016;750.570007;94.193405;139.590714;50.160847;46.134895
01/12/2016;743.650024;94.022346;141.287384;50.440964;44.761887
02/12/2016;740.340027;93.604218;141.157562;50.540997;45.228531
05/12/2016;759.359985;94.991638;141.074112;52.201691;46.332325
06/12/2016;764.719971;95.656845;141.148285;52.641876;47.184841
07/12/2016;770.419983;96.920746;142.909851;54.102478;47.705330
08/12/2016;767.330017;98.998779;144.068787;52.501808;47.489956
09/12/2016;768.659973;100.416054;145.088654;53.062050;47.866859
12/12/2016;760.119995;99.649963;145.709824;52.001606;46.781010
13/12/2016;774.340027;99.448860;145.246277;52.781921;46.798962
14/12/2016;768.820007;99.640388;143.215775;53.382183;47.032284
15/12/2016;761.000000;99.965973;142.566833;54.642700;47.525848
16/12/2016;757.770020;99.506332;143.243652;55.082901;46.215649
19/12/2016;766.000000;100.837410;144.801239;55.423027;46.054127
20/12/2016;771.219971;100.990631;144.995926;55.503071;47.104076
21/12/2016;770.599976;101.086388;146.006485;55.483055;47.642513
22/12/2016;766.340027;100.952324;145.987976;54.922825;47.032284
23/12/2016;760.590027;100.693771;146.312485;54.762753;47.588665
27/12/2016;771.400024;100.712914;146.006485;54.882816;47.238682
28/12/2016;772.130005;99.879791;144.727097;54.122482;46.834854
29/12/2016;765.150024;100.128761;144.346939;54.522655;46.655384
30/12/2016;749.869995;99.803192;144.337631;54.422611;46.718204
03/01/2017;753.669983;101.584358;145.533676;54.802773;46.789986
04/01/2017;757.179993;102.886719;147.063477;56.553711;47.400204
05/01/2017;780.450012;102.829262;147.146927;55.890675;48.198895
06/01/2017;795.989990;104.361458;147.508514;56.036934;48.145050
09/01/2017;796.919983;103.767731;146.785309;55.539639;48.180950
10/01/2017;795.900024;103.786880;147.480667;54.623093;48.683483
11/01/2017;799.020020;104.801964;147.786606;54.603588;48.961678
12/01/2017;813.640015;102.972900;146.757492;54.018547;48.136078
13/01/2017;817.140015;103.480438;147.258148;54.818096;47.974545
17/01/2017;809.719971;103.394257;146.182678;54.691345;47.642513
18/01/2017;807.479980;103.576210;146.785309;55.529896;48.100182
19/01/2017;809.039978;102.733498;147.415741;56.066181;47.965565
20/01/2017;808.330017;103.097397;147.907181;56.261192;47.830967
23/01/2017;817.880005;102.580269;146.340286;56.309948;48.252739
24/01/2017;822.440002;103.327225;148.852844;56.651222;48.934753
25/01/2017;836.520020;103.461296;155.166687;57.314266;50.101364
26/01/2017;839.150024;103.480438;156.798447;57.285019;51.088486
27/01/2017;835.770020;104.667885;155.481918;57.090000;50.514160
30/01/2017;830.380005;106.238388;153.507095;56.592720;49.930859
31/01/2017;823.479980;105.960678;151.513748;56.144192;49.697533
01/02/2017;832.349976;106.583138;152.023697;55.919922;49.778301
02/02/2017;839.950012;105.922386;150.438248;55.871170;49.634720
03/02/2017;810.200012;105.625519;150.568100;56.358700;49.607792
06/02/2017;807.640015;104.926453;152.032944;56.280701;49.805229
07/02/2017;812.500000;104.380600;154.369339;56.368454;49.760357
08/02/2017;819.710022;104.380600;153.181747;56.807228;49.885990
09/02/2017;821.359985;104.849838;153.621246;57.177761;50.532116
10/02/2017;827.460022;104.629601;155.444748;57.226505;50.478268
13/02/2017;836.530029;105.003067;157.127945;57.382515;50.666725
14/02/2017;836.390015;105.654243;157.567429;57.011993;50.585953
15/02/2017;842.700012;105.510605;158.315536;57.977306;50.684666
16/02/2017;844.140015;106.018143;159.727570;57.762798;50.280846
17/02/2017;845.070007;105.395676;161.504318;57.041241;49.715488
21/02/2017;856.440002;105.347809;164.169403;56.573212;50.155209
22/02/2017;855.609985;105.453140;163.982346;56.407448;50.119091
23/02/2017;852.190002;105.079674;165.385056;55.783413;50.498363
24/02/2017;845.239990;105.644669;165.927414;56.339195;50.597702
27/02/2017;848.640015;105.558472;167.788315;56.573212;50.615761
28/02/2017;845.039978;105.424408;168.536362;55.773666;50.525455
01/03/2017;853.080017;106.334152;171.977646;56.261192;51.022125
02/03/2017;848.909973;105.903221;171.117355;56.719471;51.085342
03/03/2017;849.880005;106.525665;170.359848;56.309948;50.317757
06/03/2017;846.609985;105.979836;169.190948;55.880924;50.335819
07/03/2017;846.020020;106.161774;170.210220;55.227623;50.146172
08/03/2017;850.500000;106.142624;169.948410;55.032093;50.146172
09/03/2017;853.000000;106.324577;168.854340;54.592152;50.751221
10/03/2017;852.460022;106.219238;167.105667;55.217846;51.663300
13/03/2017;854.590027;106.793808;167.432968;56.224831;51.572994
14/03/2017;852.530029;107.550323;167.133713;56.009750;51.464626
15/03/2017;852.969971;107.128975;167.115021;56.850536;51.807777
16/03/2017;853.419983;106.975754;166.628723;56.909191;51.961292
17/03/2017;852.309998;107.023636;168.414825;56.625675;52.051605
20/03/2017;856.969971;107.933372;167.750885;56.215057;52.159973
21/03/2017;843.200012;107.014061;164.543427;55.423157;52.187054
22/03/2017;848.059998;107.330078;165.497253;56.410587;52.638588
23/03/2017;847.380005;107.483299;165.759094;57.016727;52.846287
24/03/2017;845.609985;107.387535;164.412521;57.006958;52.918530
27/03/2017;846.820007;107.617355;164.674347;56.557228;53.162346
28/03/2017;856.000000;108.258972;165.852615;57.358906;53.514534
29/03/2017;874.320007;107.761009;166.105087;57.300259;53.243626
30/03/2017;876.340027;108.383453;166.432373;57.456673;53.541637
31/03/2017;886.539978;108.584564;165.385056;57.153603;53.198475
03/04/2017;891.510010;108.402603;165.188644;56.332375;53.026897
04/04/2017;906.830017;108.249390;167.105667;55.794659;52.954655
05/04/2017;909.280029;108.211090;165.590759;55.481815;53.099133
06/04/2017;898.280029;108.258972;165.861938;55.823990;53.333923
07/04/2017;894.880005;107.808884;167.245926;55.335167;52.927563
10/04/2017;907.039978;107.665245;166.039627;55.902210;52.774040
11/04/2017;902.359985;108.278122;166.984100;56.195499;52.178028
12/04/2017;896.229980;108.249390;164.627594;56.136841;52.132877
13/04/2017;884.669983;108.402603;164.225449;55.833775;51.898087
17/04/2017;901.989990;108.958031;167.404892;56.048855;52.792107
18/04/2017;903.780029;109.350662;166.310822;55.589355;52.710827
19/04/2017;899.200012;108.910156;166.825119;55.648010;52.990776
20/04/2017;902.059998;109.925232;167.666733;56.303043;53.469391
21/04/2017;898.530029;109.590057;168.676666;56.068401;53.243626
24/04/2017;907.409973;108.881424;170.247665;56.742989;53.839638
25/04/2017;907.619995;110.298706;171.603577;57.231819;54.209888
26/04/2017;909.289978;110.681747;169.920364;59.245773;54.679470
27/04/2017;918.380005;110.930725;171.332382;58.893833;55.067776
28/04/2017;924.989990;110.700897;172.837936;57.652206;55.781185
01/05/2017;948.229980;109.867775;170.556259;57.994389;56.485565
02/05/2017;946.940002;109.523026;171.538116;60.115894;56.621025
03/05/2017;941.030029;106.889580;171.491379;59.636845;56.566833
04/05/2017;937.530029;106.458641;171.192139;59.148010;56.864845
05/05/2017;934.150024;107.243874;173.006271;59.705276;56.910000
08/05/2017;949.039978;106.698044;173.950699;59.323997;56.648117
09/05/2017;952.820007;107.320503;174.783020;60.937119;57.090607
10/05/2017;948.950012;105.012642;172.606293;60.878315;56.115318
11/05/2017;947.619995;104.936035;173.322449;60.966526;55.979858
12/05/2017;961.349976;105.041367;172.672287;60.858719;55.257416
15/05/2017;957.969971;104.505096;171.861969;61.368317;55.004570
16/05/2017;966.070007;103.403831;172.154053;61.182125;55.266453
17/05/2017;944.760010;101.804604;168.460297;60.074707;53.957027
18/05/2017;958.489990;102.158928;167.159927;61.191925;55.121964
19/05/2017;959.840027;102.963326;170.325989;62.573734;55.537361
22/05/2017;970.669983;103.068672;173.068039;63.945763;56.034031
23/05/2017;971.539978;102.484512;172.898453;64.180962;55.916649
24/05/2017;980.349976;103.145271;174.556854;64.171158;56.371101
25/05/2017;993.380005;102.723923;176.271805;63.828159;57.052795
26/05/2017;995.780029;103.815605;175.819489;64.033951;57.589054
30/05/2017;996.700012;103.748573;176.092758;64.229958;57.934441
31/05/2017;994.619995;103.365532;176.799454;65.141373;58.234390
01/06/2017;995.950012;103.624084;176.507339;65.307983;59.443249
02/06/2017;1006.729980;102.637733;179.249374;66.062576;59.506870
05/06/2017;1011.340027;102.005707;178.043259;65.650970;59.134212
06/06/2017;1003.000000;101.028938;175.970261;64.445564;58.470707
07/06/2017;1010.070007;101.431129;177.242310;64.827774;58.443439
08/06/2017;1010.270020;99.898949;178.966690;63.720352;58.470707
09/06/2017;978.309998;101.143845;179.060913;63.455750;57.570881
12/06/2017;964.909973;102.503670;179.032654;64.533768;57.798103
13/06/2017;980.789978;102.044022;180.059723;65.121773;58.225292
14/06/2017;976.469971;101.641815;181.275269;64.925774;58.861538
15/06/2017;964.169983;101.488602;184.168060;65.513779;59.534138
16/06/2017;987.710022;101.038521;185.100906;65.082573;59.661385
19/06/2017;995.169983;100.904449;187.588562;65.503960;60.279449
20/06/2017;992.590027;99.535049;186.881836;64.563164;59.715916
21/06/2017;1002.229980;100.358597;187.673325;64.288757;60.379429
22/06/2017;1001.299988;99.803192;187.927734;63.896744;59.706829
23/06/2017;1003.739990;99.937248;190.556702;64.092751;60.397606
26/06/2017;993.979980;101.095978;188.436569;63.926155;59.988598
27/06/2017;976.780029;100.942757;187.409531;62.181736;59.125122
28/06/2017;990.330017;102.331306;188.097366;62.093533;60.079491
29/06/2017;975.929993;101.230034;186.062042;61.005714;59.216015
30/06/2017;968.000000;101.747154;186.335297;60.613720;59.597771
03/07/2017;953.659973;102.905876;187.126785;60.084515;59.306908
05/07/2017;971.400024;101.153419;190.160965;60.280506;60.479412
06/07/2017;965.140015;99.706306;189.850021;59.859108;59.515961
07/07/2017;978.760010;99.677361;190.688614;60.525513;59.834080
10/07/2017;996.469971;99.937851;192.186874;60.956722;59.843174
11/07/2017;994.130005;100.179024;194.363525;61.211521;59.761368
12/07/2017;1006.510010;100.699997;194.523682;60.692112;59.961330
13/07/2017;1000.630005;100.613174;194.325790;60.839119;60.143108
14/07/2017;1001.809998;101.384964;196.474197;61.201725;59.761368
17/07/2017;1010.039978;101.095535;196.935913;61.368317;60.915695
18/07/2017;1024.449951;102.021690;196.219803;61.240925;60.670280
19/07/2017;1026.869995;103.053963;198.707397;60.878315;60.688457
20/07/2017;1028.699951;103.574944;198.142014;60.770515;61.424683
21/07/2017;1025.670044;103.314445;199.894669;61.221317;60.897514
24/07/2017;1038.949951;103.227631;199.932343;60.770515;60.888424
25/07/2017;1039.869995;102.668068;200.196228;61.819134;61.033852
26/07/2017;1052.800049;103.169739;219.974594;61.270325;60.624840
27/07/2017;1046.000000;106.121857;227.088776;61.309525;60.297615
28/07/2017;1020.039978;106.083267;227.343231;61.211521;60.352165
31/07/2017;987.780029;106.054321;228.464523;61.280125;60.697556
01/08/2017;996.190002;106.710358;225.618835;61.515327;61.333797
02/08/2017;995.890015;104.838745;224.214828;60.741123;61.351967
03/08/2017;986.919983;105.272888;224.497559;60.888115;61.279266
04/08/2017;987.580017;103.893303;223.988708;61.721130;61.633739
07/08/2017;992.270020;102.600533;226.363235;62.495342;61.806431
08/08/2017;989.840027;103.208328;225.675369;60.839119;61.833691
09/08/2017;982.010010;99.204643;222.101807;60.143311;61.951870
10/08/2017;956.919983;97.776817;220.746307;59.780708;61.242901
11/08/2017;967.989990;98.394257;222.642105;60.074707;61.333797
14/08/2017;983.299988;97.825058;224.793823;60.515717;61.833691
15/08/2017;982.739990;97.931175;226.708572;60.966526;62.451756
16/08/2017;978.179993;98.596848;225.210907;61.339825;62.597183
17/08/2017;960.570007;97.805763;223.315094;59.748363;61.361057
18/08/2017;958.469971;97.149727;223.485703;59.984142;61.315609
21/08/2017;953.289978;97.603157;223.400406;60.691452;62.260902
22/08/2017;966.900024;99.146751;227.258362;62.204319;62.070019
23/08/2017;958.000000;97.921532;225.684860;62.007843;61.914597
24/08/2017;952.450012;97.940826;226.300980;61.801548;62.335163
25/08/2017;945.260010;98.799454;223.599487;62.361507;62.326015
28/08/2017;946.020020;98.944153;224.822266;62.056965;62.673439
29/08/2017;954.059998;98.953804;227.959808;61.781898;62.271156
30/08/2017;967.590027;99.243233;227.931396;63.186699;62.664295
31/08/2017;980.599976;97.632111;227.173035;63.196533;63.523705
01/09/2017;978.250000;97.921532;227.808151;63.451939;63.203701
05/09/2017;965.270020;98.018005;224.651642;62.479385;61.228889
06/09/2017;967.799988;97.921532;222.395615;62.548153;61.219738
07/09/2017;979.469971;93.638069;223.997604;62.764275;60.031189
08/09/2017;965.900024;93.647713;226.338882;63.992256;59.948910
11/09/2017;977.960022;93.667007;228.054611;64.787979;61.850586
12/09/2017;982.580017;94.438805;228.045105;64.905853;62.335163
13/09/2017;999.599976;95.336014;229.324783;65.505119;62.554581
14/09/2017;992.210022;94.448456;232.452835;65.347923;62.847153
15/09/2017;986.789978;95.046593;236.026398;65.456001;60.287197
18/09/2017;974.190002;94.641396;239.893845;65.387230;59.601486
19/09/2017;969.859985;94.959763;239.306137;65.711411;59.628918
20/09/2017;973.210022;95.712265;242.149811;65.858772;58.952351
21/09/2017;964.650024;95.403549;242.699600;66.153496;58.924915
22/09/2017;955.099976;95.123772;243.088257;66.988510;58.815205
25/09/2017;939.789978;96.059578;241.069199;67.499344;58.056358
26/09/2017;938.599976;95.152710;240.481522;68.275421;59.720333
27/09/2017;950.869995;95.741211;241.979202;67.892303;58.220932
28/09/2017;956.400024;94.593163;241.021835;68.137909;58.851776
29/09/2017;961.349976;95.094833;240.964951;68.226295;59.034634
02/10/2017;959.190002;96.339355;242.652206;68.206665;58.906635
03/10/2017;957.099976;97.236565;242.149811;67.646721;58.604919
04/10/2017;965.450012;97.005028;242.434174;67.695831;59.601486
05/10/2017;980.849976;96.580536;245.401138;68.147720;60.259766
06/10/2017;989.580017;96.541939;245.107224;68.255775;60.003757
09/10/2017;990.989990;96.059578;244.927185;68.432625;60.753471
10/10/2017;987.200012;96.069229;247.334824;68.688026;61.329456
11/10/2017;995.000000;95.075539;247.818237;68.982735;61.439175
12/10/2017;1000.929993;93.512650;248.263763;69.139915;61.128311
13/10/2017;1002.940002;93.946785;247.154739;69.906181;62.115742
16/10/2017;1006.340027;94.670334;246.216293;69.876701;62.390011
17/10/2017;1009.130005;94.892242;245.145172;69.965118;62.289448
18/10/2017;997.000000;94.786118;246.491241;69.807938;61.676872
19/10/2017;986.609985;95.519333;245.543304;69.847237;60.150047
20/10/2017;982.909973;95.895576;250.955765;69.788284;60.232327
23/10/2017;966.299988;95.220245;248.652451;69.179222;60.433475
24/10/2017;975.900024;94.824699;252.140656;69.886543;60.726032
25/10/2017;972.909973;94.351974;244.955597;70.063362;60.195755
26/10/2017;972.429993;95.085182;245.761322;71.202942;60.890602
27/10/2017;1100.949951;94.844002;243.097702;70.642967;61.448318
30/10/2017;1110.849976;94.583511;245.742355;71.369926;60.360325
31/10/2017;1105.280029;94.361626;244.538559;71.006439;60.698601
01/11/2017;1103.680054;95.538605;245.031418;71.163620;59.034634
02/11/2017;1094.219971;94.882591;248.946289;71.163620;59.610626
03/11/2017;1111.599976;95.162369;248.112106;71.870949;59.820908
06/11/2017;1120.660034;97.091850;250.311218;72.096901;60.040329
07/11/2017;1123.170044;98.027657;252.263870;71.330635;60.689461
08/11/2017;1132.880005;97.612808;251.733063;71.615532;60.278049
09/11/2017;1129.130005;99.059921;250.351242;70.780502;60.506618
10/11/2017;1125.349976;101.085892;248.588211;71.409218;59.116917
13/11/2017;1129.170044;101.047302;250.084427;71.340454;60.323765
14/11/2017;1136.839966;99.532654;249.455414;71.625351;60.360325
15/11/2017;1126.689941;100.034317;250.503693;72.087067;60.140896
16/11/2017;1137.290039;99.947495;251.304245;72.864723;60.177471
17/11/2017;1129.880005;99.793129;249.931885;72.953339;60.543175
20/11/2017;1126.310059;99.127457;252.190536;73.150215;60.460896
21/11/2017;1139.489990;99.368645;254.439560;74.459442;61.256321
22/11/2017;1156.160034;99.117813;252.686081;74.498833;61.477222
24/11/2017;1186.000000;99.021332;253.381775;74.577583;61.403584
27/11/2017;1195.829956;99.166046;253.095856;74.813843;60.897339
28/11/2017;1193.599976;99.764198;255.392593;74.941788;61.219501
29/11/2017;1161.270020;101.529671;256.640991;75.365082;60.473923
30/11/2017;1176.750000;101.124474;263.788391;76.349487;60.418697
01/12/2017;1162.349976;101.539322;258.623199;76.044319;60.750065
04/12/2017;1133.949951;106.334091;264.903442;76.447929;61.900635
05/12/2017;1141.569946;103.439857;262.587708;76.418396;60.694847
06/12/2017;1152.349976;101.741913;265.189270;75.552124;60.805286
07/12/2017;1159.790039;101.548973;268.715363;76.073853;60.915752
08/12/2017;1162.000000;101.364197;272.460632;77.156670;61.587673
11/12/2017;1168.920044;103.892708;269.849487;76.260887;61.698135
12/12/2017;1165.079956;104.476204;276.310791;75.798225;61.256321
13/12/2017;1164.130005;104.651260;278.121399;75.552124;60.207001
14/12/2017;1174.260010;107.529877;280.065582;74.833519;59.995300
15/12/2017;1179.140015;108.210625;280.122711;75.886810;60.704041
18/12/2017;1190.579956;107.977226;282.219330;76.871201;61.302338
19/12/2017;1187.380005;108.735779;283.277130;76.595589;62.710640
20/12/2017;1177.619995;106.674072;283.896545;77.127151;62.314846
21/12/2017;1174.760010;106.557365;281.161499;78.131233;61.063015
22/12/2017;1168.359985;105.682114;281.228210;78.111542;61.072220
26/12/2017;1176.760010;105.147240;281.475922;78.131233;60.464722
27/12/2017;1182.260010;104.680435;281.723694;78.899063;61.449608
28/12/2017;1186.099976;104.806862;282.419434;79.194382;61.191895
29/12/2017;1169.469971;104.554008;281.047150;78.613586;61.090633
02/01/2018;1189.010010;108.726067;282.886383;78.436394;61.440407
03/01/2018;1204.199951;109.192856;283.801239;79.588135;61.578476
04/01/2018;1209.589966;109.144241;282.724396;78.997505;61.532452
05/01/2018;1229.140015;108.551003;294.322296;78.052483;61.026203
08/01/2018;1246.869995;106.994995;295.570740;79.676735;60.796085
09/01/2018;1252.699951;106.917191;303.461517;80.651283;62.250404
10/01/2018;1254.329956;106.460114;305.205505;80.375656;62.544956
11/01/2018;1276.680054;107.938324;312.696014;81.773476;63.327354
12/01/2018;1305.199951;109.377632;320.405701;82.639755;64.146545
16/01/2018;1304.859985;107.646576;319.405090;82.098343;63.069614
17/01/2018;1295.000000;108.891380;334.510040;82.718498;63.925629
18/01/2018;1293.319946;107.384003;324.170074;82.639755;63.529846
19/01/2018;1294.579956;107.549316;321.854309;84.155701;63.106419
22/01/2018;1327.310059;108.045296;322.111572;84.431343;63.382580
23/01/2018;1362.540039;107.374283;319.814850;85.179482;63.060410
24/01/2018;1357.510010;107.461792;318.957184;84.451035;65.508827
25/01/2018;1377.949951;107.510422;326.981415;85.277924;65.131424
26/01/2018;1402.050049;109.105331;327.086212;86.321388;65.950653
29/01/2018;1417.680054;108.473206;324.799042;85.917778;66.217583
30/01/2018;1437.819946;107.082520;321.835236;85.061356;66.079498
31/01/2018;1450.890015;105.682114;337.712097;84.313217;65.913818
01/02/2018;1390.000000;107.452072;340.161285;84.421501;65.453590
02/02/2018;1429.949951;105.711288;332.508728;81.360046;64.385864
05/02/2018;1390.000000;101.821259;313.420319;78.662811;62.627785
06/02/2018;1442.839966;103.250854;324.884796;79.430641;63.759945
07/02/2018;1416.780029;101.879623;331.755890;80.739868;63.621895
08/02/2018;1350.500000;98.563377;315.714478;77.432312;61.449608
09/02/2018;1339.599976;100.255531;318.750305;79.174690;61.734959
12/02/2018;1386.229980;100.547287;329.256226;80.542999;63.299721
13/02/2018;1414.510010;101.257217;328.643341;81.911308;63.281326
14/02/2018;1451.050049;101.724014;330.261841;84.628227;64.358246
15/02/2018;1461.760010;102.288071;341.380798;83.240227;64.063705
16/02/2018;1448.689941;103.600952;340.020813;81.970367;63.971664
20/02/2018;1468.349976;103.066078;338.402313;82.994141;63.925629
21/02/2018;1482.920044;102.161652;337.463745;82.974457;64.045288
22/02/2018;1485.339966;102.346420;340.863586;82.078644;63.183689
23/02/2018;1500.000000;104.301155;341.572296;82.501930;63.702518
26/02/2018;1521.949951;106.790771;348.103760;80.858009;63.591335
27/02/2018;1511.979980;101.986595;349.214691;78.593903;62.525921
28/02/2018;1512.449951;100.323616;346.887451;79.529068;61.988590
01/03/2018;1493.449951;99.749832;334.897125;78.256836;61.126991
02/03/2018;1500.250000;100.158287;330.089508;77.813042;60.191277
05/03/2018;1523.609985;100.566742;337.827637;77.142418;60.395100
06/03/2018;1537.640015;102.054680;334.159698;77.852501;61.284489
07/03/2018;1545.000000;100.741791;332.359222;78.108902;61.154785
08/03/2018;1551.859985;101.169685;333.977753;78.118774;61.821827
09/03/2018;1578.890015;101.850449;339.522827;80.347641;62.507393
12/03/2018;1598.390015;102.278343;329.629822;80.012314;62.405491
13/03/2018;1588.180054;100.877937;324.343292;80.130684;62.600044
14/03/2018;1591.000000;101.043266;316.289063;80.120811;62.034908
15/03/2018;1582.319946;100.401405;316.020935;80.761841;61.821827
16/03/2018;1571.680054;100.041588;316.490173;80.387093;61.988590
19/03/2018;1544.930054;98.689804;317.725616;80.179985;62.655624
20/03/2018;1586.510010;98.563377;323.347290;80.229286;62.859440
21/03/2018;1581.859985;99.020454;322.839722;80.712540;62.127548
22/03/2018;1544.920044;97.834000;306.089539;79.331825;61.330807
23/03/2018;1495.560059;95.830643;307.420776;77.093109;59.672466
26/03/2018;1555.859985;97.882622;315.053619;78.878166;60.960232
27/03/2018;1497.050049;96.628090;307.535736;77.704559;60.895386
28/03/2018;1431.420044;95.830643;306.482208;77.231163;59.885551
29/03/2018;1447.339966;97.678398;314.009766;77.674973;60.756409
02/04/2018;1371.989990;95.947342;308.799866;76.008255;59.867020
03/04/2018;1392.050049;96.686440;316.825409;76.461914;59.746578
04/04/2018;1410.569946;98.174377;313.588379;76.955032;60.200542
05/04/2018;1451.750000;99.302483;322.169312;77.951111;60.691555
06/04/2018;1405.229980;97.590874;312.324219;76.442192;59.765118
09/04/2018;1406.079956;96.958748;308.838165;75.100922;60.089375
10/04/2018;1436.219971;98.582832;320.665741;73.976639;58.458820
11/04/2018;1427.050049;98.028503;313.511749;78.513260;58.959099
12/04/2018;1448.500000;97.629768;323.203644;78.848572;59.061012
13/04/2018;1430.790039;97.590874;315.350525;78.513260;58.310585
16/04/2018;1441.500000;97.483894;317.735168;79.420578;59.366745
17/04/2018;1503.829956;99.360825;322.475800;80.041908;59.450115
18/04/2018;1527.839966;98.427223;326.574768;81.047852;60.469208
19/04/2018;1556.910034;98.116020;326.230011;80.850616;60.274654
20/04/2018;1527.489990;97.483894;324.343292;81.195801;61.034336
23/04/2018;1517.859985;97.396370;324.506104;80.959091;61.395660
24/04/2018;1460.089966;96.725342;315.139801;80.909790;60.719357
25/04/2018;1460.170044;98.368874;328.356018;80.702675;61.210369
26/04/2018;1517.959961;97.094894;328.289032;80.801300;59.579823
27/04/2018;1572.619995;96.501663;326.459808;79.065544;59.626144
30/04/2018;1566.130005;97.571426;319.449463;77.753876;58.421764
01/05/2018;1582.260010;97.308846;315.599548;79.134583;59.394531
02/05/2018;1569.680054;96.880943;310.475861;78.355461;58.227200
03/05/2018;1572.079956;96.044594;316.700867;78.769684;58.644112
04/05/2018;1580.949951;98.368874;320.282654;80.041908;58.894249
07/05/2018;1600.140015;99.662308;326.028839;80.229286;58.301327
08/05/2018;1592.390015;98.991280;324.056000;81.294418;58.505150
09/05/2018;1608.000000;97.221321;329.926666;81.708626;59.246300
10/05/2018;1609.079956;98.884308;331.158661;81.767921;59.348209
11/05/2018;1602.910034;99.263580;329.609070;82.508911;59.311142
14/05/2018;1601.540039;99.623413;331.659149;81.975403;60.052311
15/05/2018;1576.119995;100.090202;329.281830;82.024788;60.385834
16/05/2018;1587.280029;102.151924;328.174957;83.190651;60.645241
17/05/2018;1581.760010;101.471169;331.225983;82.301445;60.052311
18/05/2018;1574.369995;101.072441;338.049927;82.834961;60.070839
21/05/2018;1585.459961;101.198860;350.263794;82.914001;60.005981
22/05/2018;1581.400024;101.208588;341.697754;81.767921;60.265396
23/05/2018;1601.859985;100.061043;345.730499;81.343063;59.922611
24/05/2018;1603.069946;99.302483;345.528381;81.046654;59.894600
25/05/2018;1610.150024;99.389999;346.577484;80.849060;59.987965
29/05/2018;1612.869995;96.949020;339.253021;79.367043;58.400734
30/05/2018;1624.890015;97.231049;344.748779;80.750252;58.708847
31/05/2018;1629.619995;96.735069;338.945038;79.742485;58.148643
01/06/2018;1641.540039;96.628090;343.333923;81.659225;58.979603
04/06/2018;1665.270020;97.483894;347.193481;82.192749;59.138332
05/06/2018;1696.349976;97.192146;346.587097;82.074188;56.570751
06/06/2018;1695.750000;99.107979;357.617035;83.664886;57.373703
07/06/2018;1689.300049;99.652580;354.700775;83.161003;57.261662
08/06/2018;1683.989990;101.121071;355.634308;83.131363;56.897537
11/06/2018;1689.119995;101.480896;357.020325;82.983162;57.084267
12/06/2018;1698.750000;101.461449;356.712341;82.805321;58.045940
13/06/2018;1704.859985;103.387001;350.196381;81.738274;59.595825
14/06/2018;1723.859985;105.759918;348.820099;81.935867;59.941280
15/06/2018;1715.969971;105.857170;344.450409;82.834961;60.856274
18/06/2018;1723.790039;104.116379;341.428192;83.319092;60.174694
19/06/2018;1734.780029;103.182777;328.319336;81.985275;59.259708
20/06/2018;1750.079956;104.203903;329.830383;81.026901;58.820881
21/06/2018;1730.219971;102.978546;324.989166;80.048759;58.260689
22/06/2018;1715.670044;103.416168;326.192261;79.900566;59.315727
25/06/2018;1663.150024;101.578140;318.771606;78.319733;54.656738
26/06/2018;1691.089966;101.393364;318.867859;78.240700;55.795811
27/06/2018;1660.510010;101.101616;317.443420;77.321854;54.217915
28/06/2018;1701.449951;101.889351;322.092133;77.311958;53.368279
29/06/2018;1699.800049;101.928246;322.919830;78.211060;53.508327
02/07/2018;1713.780029;102.433945;323.468475;78.349388;53.358940
03/07/2018;1693.959961;101.179420;320.436676;78.497566;52.994820
05/07/2018;1699.729980;102.443672;320.677307;78.734711;53.116192
06/07/2018;1710.630005;102.718170;322.082581;79.594276;53.732407
09/07/2018;1739.020020;103.933762;329.089355;79.969734;54.096535
10/07/2018;1743.069946;103.943565;334.132629;80.305649;54.918163
11/07/2018;1755.000000;105.914017;327.818848;79.643684;54.143223
12/07/2018;1796.619995;106.119888;333.045074;80.029007;54.526028
13/07/2018;1813.030029;107.835449;337.626465;79.999367;54.199242
16/07/2018;1822.489990;108.031502;342.737183;79.120033;54.526028
17/07/2018;1843.930054;108.129547;343.487946;80.098160;54.703423
18/07/2018;1842.920044;108.511871;346.712250;81.965508;55.581070
19/07/2018;1812.969971;109.923538;341.996094;81.155342;54.955513
20/07/2018;1813.699951;109.286331;341.582214;80.977493;54.283272
23/07/2018;1802.000000;108.903992;340.013367;80.631691;54.292618
24/07/2018;1829.239990;108.521667;344.825745;79.525124;53.919147
25/07/2018;1863.609985;108.992226;342.563934;79.406555;53.937817
26/07/2018;1808.000000;111.276375;345.836334;78.655663;53.844452
27/07/2018;1817.270020;110.403893;347.116455;77.509567;54.357967
30/07/2018;1779.219971;110.413696;337.886322;76.353600;54.834137
31/07/2018;1777.439941;111.325394;342.929688;77.717056;55.310307
01/08/2018;1797.170044;110.747009;339.522583;77.598503;54.731430
02/08/2018;1834.329956;110.531326;336.606232;77.499702;54.946175
03/08/2018;1823.290039;111.844963;335.364655;77.242813;55.132904
06/08/2018;1847.750000;113.658562;333.564789;77.193413;54.535358
07/08/2018;1862.479980;114.266357;337.597565;76.669762;54.796783
08/08/2018;1886.520020;111.737129;334.729431;75.968277;54.712757
09/08/2018;1898.520020;111.913597;332.456421;75.384201;55.403667
10/08/2018;1886.300049;110.462715;328.287659;74.889244;55.646420
13/08/2018;1896.199951;109.913734;327.272095;74.552658;55.076885
14/08/2018;1919.650024;110.531326;328.026489;75.770287;55.384995
15/08/2018;1882.619995;110.629364;320.888367;75.453514;55.272957
16/08/2018;1886.520020;110.266647;334.642365;76.463242;55.861164
17/08/2018;1882.219971;110.266647;335.048584;76.423645;56.561413
20/08/2018;1876.709961;109.786278;339.246338;75.522812;56.720135
21/08/2018;1883.420044;110.178413;342.177094;75.958374;57.373703
22/08/2018;1904.900024;109.737274;338.559631;76.423645;57.765839
23/08/2018;1902.900024;109.796089;336.093201;75.997963;57.417572
24/08/2018;1905.390015;109.727478;337.930969;76.334549;57.634060
27/08/2018;1927.680054;110.119598;342.148071;76.978020;58.076458
28/08/2018;1932.819946;110.364677;339.700958;76.690941;58.114117
29/08/2018;1998.099976;110.237228;338.714417;77.393791;58.650635
30/08/2018;2002.380005;109.717667;335.532227;76.799835;57.963509
31/08/2018;2012.709961;109.815689;331.556915;76.839432;57.878792
04/09/2018;2039.510010;108.668716;334.903503;76.384064;57.605824
05/09/2018;1994.819946;107.708008;335.319397;74.958542;57.370510
06/09/2018;1958.310059;108.090332;339.759003;74.928841;58.114117
07/09/2018;1952.069946;108.786362;337.834229;75.671288;58.415318
10/09/2018;1939.010010;108.502068;330.657318;75.819786;58.349430
11/09/2018;1987.150024;107.443314;333.936279;76.631538;58.227066
12/09/2018;1990.000000;107.306068;341.828888;77.176003;58.857716
13/09/2018;1989.869995;108.492264;343.811737;78.146156;59.017731
14/09/2018;1970.189941;107.110016;348.009460;79.254875;60.194324
17/09/2018;1908.030029;107.208038;344.295319;78.304543;61.013233
18/09/2018;1941.050049;107.374695;351.665619;78.591629;61.813305
19/09/2018;1926.420044;107.629578;353.251862;79.621170;62.321598
20/09/2018;1944.300049;109.423569;355.418488;80.264633;63.008724
21/09/2018;1915.010010;108.227577;360.032227;80.145836;63.225216
24/09/2018;1934.359985;110.550934;355.931122;79.353874;62.886356
25/09/2018;1974.550049;111.394012;355.196014;79.304390;62.688694
26/09/2018;1974.849976;112.942924;353.068115;79.848854;63.046383
27/09/2018;2012.979980;113.756599;355.350769;81.214981;59.996655
28/09/2018;2003.000000;114.638885;359.712952;79.967644;60.024891
01/10/2018;2004.359985;113.952660;369.762512;77.601685;59.817814
02/10/2018;1971.310059;115.344711;373.708801;76.304848;59.413067
03/10/2018;1952.760010;114.609474;379.444489;75.780190;58.942432
04/10/2018;1909.420044;113.844818;377.210175;74.651657;58.067047
05/10/2018;1889.650024;112.521393;373.805542;73.632011;57.022240
08/10/2018;1864.420044;113.736984;373.128479;74.196266;57.502285
09/10/2018;1870.319946;114.589867;372.809265;74.473465;56.965759
10/10/2018;1755.250000;110.639175;355.428162;72.661865;55.591503
11/10/2018;1719.359985;108.962822;346.374847;72.364883;54.452564
12/10/2018;1788.609985;110.394089;348.309326;72.879654;54.819660
15/10/2018;1760.949951;111.207756;347.119690;72.255989;54.330196
16/10/2018;1819.959961;113.903641;356.182587;73.879478;55.619743
17/10/2018;1831.729980;114.825142;353.522675;73.770592;55.535030
18/10/2018;1770.719971;113.893837;347.574249;71.325447;54.160770
19/10/2018;1764.030029;116.560318;344.585480;69.949425;53.868977
22/10/2018;1789.300049;115.942711;344.314697;69.454453;53.163021
23/10/2018;1768.699951;115.530975;338.578979;68.177437;53.868977
24/10/2018;1664.199951;109.413765;343.028229;63.178204;51.534622
25/10/2018;1782.170044;111.913597;351.849396;66.870697;52.570019
26/10/2018;1642.810059;110.962677;347.496826;67.583458;51.082813
29/10/2018;1538.880005;110.815628;324.592834;67.910133;50.894558
30/10/2018;1530.420044;112.501785;338.443573;68.009117;50.960449
31/10/2018;1598.010010;112.570404;343.231323;70.454292;52.748863
01/11/2018;1665.530029;113.815407;351.172363;71.919411;54.358437
02/11/2018;1665.530029;112.913521;346.026672;72.087692;53.718372
05/11/2018;1627.800049;113.178200;350.118073;71.671921;53.520710
06/11/2018;1642.810059;114.413414;354.460938;69.880119;53.887802
07/11/2018;1755.489990;114.746719;359.829041;72.236198;55.224407
08/11/2018;1754.910034;113.717384;360.275970;71.442596;54.706707
09/11/2018;1712.430054;115.678024;358.886475;70.589500;55.102043
12/11/2018;1636.849976;114.403603;346.924896;69.627266;54.377262
13/11/2018;1631.170044;114.550652;339.617737;70.291901;55.440899
14/11/2018;1599.010010;114.815346;334.963318;70.510147;55.760937
15/11/2018;1619.439941;114.805542;331.902466;72.305626;56.335110
16/11/2018;1593.410034;113.903641;326.441559;72.454430;56.438644
19/11/2018;1512.290039;113.148788;311.856384;70.629166;55.582092
20/11/2018;1495.459961;109.668655;308.708099;70.916847;56.363346
21/11/2018;1516.729980;110.805824;308.338806;71.988190;56.989819
23/11/2018;1502.060059;109.874519;303.480316;72.533783;57.663742
26/11/2018;1581.329956;110.335274;307.406006;74.487991;58.280724
27/11/2018;1581.420044;111.658707;309.028778;74.567352;57.473907
28/11/2018;1677.750000;113.815407;324.060852;76.333076;58.793289
29/11/2018;1673.569946;114.315376;332.864471;75.847000;57.644760
30/11/2018;1690.170044;113.217415;336.945618;74.934380;57.227116
03/12/2018;1772.359985;113.462486;349.771973;77.344902;57.976982
04/12/2018;1668.400024;110.648979;332.806152;74.547516;55.338211
06/12/2018;1699.189941;112.080246;322.506195;74.983986;55.907734
07/12/2018;1629.130005;110.627998;314.071838;72.275871;53.847973
10/12/2018;1641.030029;110.509438;317.113281;72.087387;53.487274
11/12/2018;1643.239990;110.618118;312.915497;71.819557;53.221504
12/12/2018;1663.540039;110.855217;317.443604;72.196510;53.648643
13/12/2018;1658.380005;112.020966;316.258179;71.640991;53.715084
14/12/2018;1591.910034;110.845337;309.728363;71.283882;53.468292
17/12/2018;1520.910034;109.284416;307.182526;69.706627;53.477783
18/12/2018;1551.479980;108.128532;318.774841;69.924873;53.354385
19/12/2018;1495.079956;107.901321;310.505707;69.101524;52.215355
20/12/2018;1460.829956;105.708122;304.189667;66.958839;47.260540
21/12/2018;1377.449951;102.961693;295.930267;65.937103;45.428589
24/12/2018;1343.959961;99.138412;285.834320;65.976784;43.862415
26/12/2018;1470.900024;104.552254;305.044769;68.952728;45.086880
27/12/2018;1461.640015;105.233910;308.163910;69.766151;45.684872
28/12/2018;1478.020020;106.004501;307.425446;70.381180;46.206932
31/12/2018;1501.969971;108.326126;313.372223;71.224365;46.795429
02/01/2019;1539.130005;107.654343;314.645142;70.371269;47.317493
03/01/2019;1500.280029;105.046211;302.100555;66.760437;44.963486
04/01/2019;1575.390015;108.286606;317.822601;69.379280;47.507336
07/01/2019;1629.510010;109.225136;318.823395;70.172859;48.067360
08/01/2019;1656.579956;110.074753;330.891937;71.283882;49.263348
09/01/2019;1659.420044;111.309662;334.098480;70.470467;49.348778
10/01/2019;1656.219971;111.438095;342.630005;71.492203;49.633537
11/01/2019;1640.560059;111.289909;342.911835;71.313644;49.737949
14/01/2019;1617.209961;111.062683;340.443695;70.420868;49.548107
15/01/2019;1674.560059;110.410652;342.270508;71.918762;50.231529
16/01/2019;1683.780029;109.570915;342.095551;71.462448;50.051182
17/01/2019;1693.219971;109.669708;348.926636;71.422760;50.820034
18/01/2019;1696.199951;109.699348;354.407013;72.494110;52.091957
22/01/2019;1632.170044;109.264656;347.770325;70.440704;51.750248
23/01/2019;1640.020020;109.778381;348.460205;70.162956;51.512947
24/01/2019;1654.930054;109.215263;348.129822;70.490295;52.224846
25/01/2019;1670.569946;109.748734;353.891968;71.184685;52.689953
28/01/2019;1637.890015;109.472115;352.696777;71.730263;53.534740
29/01/2019;1593.880005;109.561035;354.581909;72.563545;53.401848
30/01/2019;1670.430054;108.800331;376.746277;73.535683;54.512413
31/01/2019;1718.729980;110.173546;374.705688;73.882889;54.654793
01/02/2019;1626.229980;109.956207;376.464508;73.823349;54.778183
04/02/2019;1633.310059;110.450172;385.763641;74.130875;55.224304
05/02/2019;1658.810059;111.299789;398.570557;74.021759;55.585007
06/02/2019;1640.260010;110.064880;399.474243;74.964142;55.347706
07/02/2019;1614.369995;109.610420;395.680267;74.081284;54.066288
08/02/2019;1588.219971;110.163673;395.426361;73.317451;53.753056
11/02/2019;1591.000000;108.118668;394.488861;73.803513;53.933395
12/02/2019;1638.010010;107.881554;401.100311;73.724152;53.696102
13/02/2019;1640.000000;108.869476;400.963593;78.733688;54.151711
14/02/2019;1622.650024;109.323929;400.221344;79.517342;54.199173
15/02/2019;1607.949951;111.230621;408.180511;81.094597;54.341557
19/02/2019;1627.579956;112.139519;406.510529;80.737480;55.338211
20/02/2019;1622.099976;112.307465;411.676636;82.671844;55.860268
21/02/2019;1619.439941;112.910103;407.799622;82.582573;55.783684
22/02/2019;1631.560059;113.858513;414.118073;84.348297;56.310215
25/02/2019;1633.000000;112.218552;416.872040;82.880173;56.070881
26/02/2019;1636.400024;112.129639;416.774353;82.820641;55.764538
27/02/2019;1641.089966;111.418335;425.241302;82.820641;55.218857
28/02/2019;1639.829956;111.477608;429.655426;82.582138;55.295444
01/03/2019;1671.729980;112.633484;430.299988;83.257896;55.372028
04/03/2019;1696.170044;112.949623;422.555725;82.860390;54.146648
05/03/2019;1692.430054;112.623604;420.045898;83.486473;54.673183
06/03/2019;1668.949951;113.463341;414.518463;83.436783;53.754139
07/03/2019;1625.949951;112.633484;412.662964;82.403267;53.016998
08/03/2019;1620.800049;112.435898;412.643463;81.936188;52.624489
11/03/2019;1670.619995;113.364548;390.641144;82.284012;53.064861
12/03/2019;1673.099976;113.344795;366.617310;82.890213;52.902115
13/03/2019;1690.810059;112.712509;368.306824;83.148590;53.696701
14/03/2019;1686.219971;113.097816;364.556702;84.470299;54.022194
15/03/2019;1712.359985;113.572014;370.113434;85.225571;54.194511
18/03/2019;1742.150024;111.754234;363.560638;85.672752;54.902939
19/03/2019;1761.849976;108.671898;364.683685;85.165932;54.682751
20/03/2019;1797.270020;108.662018;367.349762;84.390793;54.117928
21/03/2019;1819.260010;107.348083;363.970795;85.255371;54.816780
22/03/2019;1764.770020;106.923279;353.687439;84.042976;54.012623
25/03/2019;1774.260010;106.488586;361.783203;83.496407;54.232811
26/03/2019;1783.760010;108.810211;361.705109;82.979645;49.503590
27/03/2019;1765.699951;108.948517;365.445404;81.936188;48.498394
28/03/2019;1773.420044;109.373329;365.670044;82.691460;48.192047
29/03/2019;1780.750000;109.689461;372.486572;82.592079;48.555836
01/04/2019;1814.189941;111.151596;382.369537;83.625595;49.963112
02/04/2019;1813.979980;110.608238;381.597992;84.510056;50.135429
03/04/2019;1820.699951;111.161469;375.728760;86.249146;50.920441
04/04/2019;1818.859985;113.364548;386.588348;86.765892;50.834282
05/04/2019;1837.280029;113.611526;382.750336;86.895096;50.805565
08/04/2019;1849.859985;113.572014;365.748169;87.630486;50.269455
09/04/2019;1835.839966;115.449074;360.396515;86.557205;49.685490
10/04/2019;1847.329956;115.745461;356.392517;87.441666;50.039700
11/04/2019;1844.069946;115.192215;361.490295;87.978294;50.231163
12/04/2019;1843.060059;128.489700;370.748230;88.177048;51.284225
15/04/2019;1844.869995;130.445786;366.666107;87.620544;51.446968
16/04/2019;1863.040039;128.331619;372.779510;87.600670;52.461742
17/04/2019;1864.819946;130.159302;368.677887;87.213104;52.212833
18/04/2019;1861.689941;130.850845;371.168182;86.686401;51.341663
22/04/2019;1887.310059;130.090134;366.382965;87.362160;50.805565
23/04/2019;1923.770020;131.749863;365.259827;87.362160;51.456547
24/04/2019;1901.750000;133.468857;366.666107;86.954712;51.437401
25/04/2019;1902.250000;135.583008;373.834229;87.083900;51.533134
26/04/2019;1950.630005;138.230667;371.871277;87.461533;52.097958
29/04/2019;1938.430054;137.618149;370.172058;86.706276;52.107529
30/04/2019;1926.520020;135.316269;368.843903;86.447891;52.519184
01/05/2019;1911.520020;134.733398;367.974762;92.022934;53.438221
02/05/2019;1900.819946;132.520447;366.998169;90.661476;52.011806
03/05/2019;1962.459961;132.708145;367.642700;92.748390;52.825531
06/05/2019;1950.550049;133.370056;362.896545;91.724815;52.509609
07/05/2019;1921.000000;131.828888;348.863098;89.926086;51.389538
08/05/2019;1917.770020;133.360184;351.324066;90.134781;51.715031
09/05/2019;1899.869995;131.977081;347.822571;90.572037;51.638435
10/05/2019;1889.979980;132.421646;348.352966;90.959602;52.021374
13/05/2019;1822.680054;129.754242;331.361084;88.813065;50.527935
14/05/2019;1840.119995;131.591782;336.930115;91.168297;51.523560
15/05/2019;1871.150024;133.053909;339.483826;93.066391;51.494843
16/05/2019;1907.569946;133.864014;347.508270;93.613846;51.628868
17/05/2019;1869.000000;133.409576;348.696716;92.499039;51.389538
20/05/2019;1858.969971;132.293228;346.506470;91.045807;50.145004
21/05/2019;1857.520020;132.471039;352.360291;91.682838;50.413055
22/05/2019;1859.680054;132.233948;346.496613;91.593254;50.384338
23/05/2019;1815.479980;131.127472;344.306335;90.239571;49.891411
24/05/2019;1823.280029;131.186722;348.578857;89.493042;49.881748
28/05/2019;1836.430054;131.018784;348.559235;88.786331;49.533802
29/05/2019;1819.189941;129.981491;342.587494;88.497688;49.872082
30/05/2019;1816.319946;130.603851;343.638428;89.244209;49.823757
31/05/2019;1775.069946;130.445786;335.525574;89.025223;49.475807
03/06/2019;1692.689941;130.870621;332.854034;88.019913;49.408157
04/06/2019;1729.560059;133.192245;338.481964;89.901138;50.529312
05/06/2019;1738.500000;134.298721;342.538391;89.582634;49.185860
06/06/2019;1754.359985;135.553391;344.394775;90.577980;49.446815
07/06/2019;1804.030029;136.373352;347.400269;92.080986;50.480984
10/06/2019;1860.630005;135.415070;347.498444;92.598572;51.399178
11/06/2019;1863.699951;133.449097;343.108063;93.494400;51.389507
12/06/2019;1855.319946;134.081375;340.849030;92.917084;51.602139
13/06/2019;1870.300049;140.028687;342.646423;92.598572;51.080223
14/06/2019;1869.670044;139.939774;340.976715;92.986763;51.341183
17/06/2019;1886.030029;139.267975;348.578857;92.777740;50.529312
18/06/2019;1901.369995;137.558868;367.299377;94.658974;50.625965
19/06/2019;1908.790039;139.218582;361.995575;95.315918;51.070560
20/06/2019;1918.189941;140.305298;368.203003;96.420769;47.165848
21/06/2019;1911.300049;138.536896;365.217133;95.694145;45.068516
24/06/2019;1913.900024;137.539108;367.328827;95.067078;44.459610
25/06/2019;1878.270020;138.250412;362.742004;92.817551;43.928028
26/06/2019;1897.829956;138.704849;368.261902;94.081665;43.860371
27/06/2019;1904.280029;137.618149;357.536407;96.082336;44.382286
28/06/2019;1893.630005;137.954025;357.526581;97.286728;44.991188
01/07/2019;1922.189941;139.939774;350.111084;98.839500;44.739895
02/07/2019;1934.310059;140.809143;347.852051;99.924446;44.971859
03/07/2019;1939.000000;141.253708;348.156494;100.173286;44.633579
05/07/2019;1942.910034;141.601624;349.521729;100.133469;45.339134
08/07/2019;1952.319946;140.180145;344.866180;99.725372;44.865543
09/07/2019;1988.300049;140.766632;346.801117;98.540886;44.382286
10/07/2019;2017.410034;142.685135;346.025146;98.730011;43.986012
11/07/2019;2001.069946;142.705017;352.605835;100.233009;44.295303
12/07/2019;2011.000000;144.017166;358.823090;99.078384;44.710899
15/07/2019;2020.989990;144.196075;355.169342;98.739960;45.377800
16/07/2019;2009.900024;143.440613;356.289032;99.416809;44.894539
17/07/2019;1992.030029;141.720917;362.938477;97.316582;44.111664
18/07/2019;1977.900024;140.786514;354.678223;96.649696;43.966686
19/07/2019;1964.520020;139.017120;370.638794;94.091614;43.580082
22/07/2019;1985.630005;140.001205;366.769043;92.807602;43.589745
23/07/2019;1994.489990;140.418716;366.425262;94.678886;44.652912
24/07/2019;2000.810059;140.448532;354.992554;94.867996;45.542103
25/07/2019;1973.819946;142.357101;341.890167;95.952942;45.058846
26/07/2019;1943.050049;143.788513;338.855194;96.759186;45.687084
29/07/2019;1912.449951;145.518158;334.150482;96.948303;45.764400
30/07/2019;1898.530029;144.066849;341.271362;96.858719;45.793396
31/07/2019;1866.780029;142.158295;335.103210;96.102249;45.648418
01/08/2019;1855.319946;141.005203;328.335938;94.808281;45.097507
02/08/2019;1823.239990;140.866043;333.512085;93.474495;44.420948
05/08/2019;1765.130005;137.476349;325.163452;90.926361;43.696064
06/08/2019;1787.829956;141.025070;326.528748;92.130745;43.551086
07/08/2019;1793.400024;134.056839;325.477783;92.966858;43.899029
08/08/2019;1832.890015;137.068787;332.420715;95.479202;44.894539
09/08/2019;1807.579956;137.695038;333.606689;95.289787;44.459610
12/08/2019;1784.920044;134.941528;329.050537;93.594940;44.024677
13/08/2019;1824.339966;136.194016;328.971466;94.970757;44.401615
14/08/2019;1762.959961;132.058807;316.676788;91.730629;43.212803
15/08/2019;1776.119995;132.615463;324.168243;91.331841;42.816536
16/08/2019;1792.569946;134.394806;326.589661;92.727585;43.425438
19/08/2019;1816.119995;134.484268;329.880707;93.176216;44.208313
20/08/2019;1801.380005;134.325226;327.874451;92.448433;43.831375
21/08/2019;1823.540039;134.951462;336.018188;91.341812;44.411282
22/08/2019;1804.660034;135.269562;350.269714;92.129410;44.059509
23/08/2019;1749.619995;130.885834;351.851044;90.803444;42.290874
26/08/2019;1768.869995;133.808319;354.845642;91.371719;42.486305
27/08/2019;1761.829956;133.689041;350.585999;90.853287;42.046589
28/08/2019;1764.250000;135.736771;355.764771;91.630928;42.408134
29/08/2019;1786.400024;137.019073;358.502411;92.259010;42.994419
30/08/2019;1776.290039;136.442535;359.836639;92.089531;43.072594
03/09/2019;1789.839966;135.498199;350.279633;91.032745;42.671959
04/09/2019;1800.619995;137.068787;352.364960;92.019737;42.886932
05/09/2019;1840.719971;138.013123;356.090881;93.186188;44.079052
06/09/2019;1833.510010;138.718903;358.759369;93.455368;44.675114
09/09/2019;1831.349976;138.003189;354.588654;92.249039;46.521919
10/09/2019;1820.550049;134.981293;365.173523;93.295860;48.525066
11/09/2019;1822.989990;135.378906;378.466431;94.890999;48.573925
12/09/2019;1843.550049;136.681107;371.241821;94.482239;48.485981
13/09/2019;1839.339966;137.198013;375.323578;95.758362;49.394722
16/09/2019;1807.839966;134.991241;374.424194;93.375618;47.801975
17/09/2019;1822.550049;135.498199;379.711700;94.571968;48.241692
18/09/2019;1817.459961;135.985275;381.895905;95.060478;47.723808
19/09/2019;1821.500000;132.506119;379.948914;95.489174;47.274319
20/09/2019;1794.160034;131.482254;374.957916;94.930878;47.117977
23/09/2019;1785.300049;131.671127;372.625458;93.963814;46.609863
24/09/2019;1741.609985;131.184036;377.191498;91.939987;46.531685
25/09/2019;1768.329956;132.297363;381.688354;92.488312;46.961636
26/09/2019;1739.839966;130.488220;382.370300;91.730629;42.945564
27/09/2019;1725.449951;129.186020;378.387360;91.172318;42.584019
30/09/2019;1735.910034;129.543869;376.025269;92.827278;42.711044
01/10/2019;1735.650024;128.778458;370.559875;91.870201;41.518932
02/10/2019;1713.229980;128.370895;363.068420;90.663872;40.492924
03/10/2019;1724.420044;127.386787;367.723419;91.710686;40.062981
04/10/2019;1739.650024;129.494171;371.311035;93.066551;40.199783
07/10/2019;1732.660034;130.120407;372.141205;90.723686;39.975037
08/10/2019;1705.510010;127.704887;369.729706;90.424591;39.212864
09/10/2019;1721.989990;128.559769;370.579651;91.222168;39.603725
10/10/2019;1720.260010;128.569702;366.665924;91.272018;40.014126
11/10/2019;1731.920044;129.245667;370.540131;93.146309;40.600414
14/10/2019;1736.430054;128.927551;368.820435;91.252075;41.079216
15/10/2019;1767.380005;128.987198;366.626373;91.381691;41.518932
16/10/2019;1777.430054;130.080658;368.079224;91.920044;41.421215
17/10/2019;1787.479980;131.581650;364.748596;91.920044;41.470070
18/10/2019;1757.510010;130.110474;339.981354;90.873230;41.812077
21/10/2019;1785.660034;129.484222;327.192474;92.109467;42.134533
22/10/2019;1765.729980;131.611481;333.063110;90.454506;41.577557
23/10/2019;1762.170044;130.349045;336.522217;95.479202;42.994419
24/10/2019;1780.780029;129.484222;340.524902;96.615746;42.896709
25/10/2019;1761.329956;130.120407;335.860046;97.393379;43.551392
28/10/2019;1777.079956;129.752625;336.897766;96.894897;43.170307
29/10/2019;1762.709961;128.708862;344.853729;97.014526;43.150761
30/10/2019;1779.989990;128.828171;342.017273;97.024498;42.222473
31/10/2019;1776.660034;129.146255;335.939117;96.665588;41.909786
01/11/2019;1791.439941;131.959396;341.157440;96.017563;41.968418
04/11/2019;1804.660034;132.128387;346.988495;97.692459;43.199619
05/11/2019;1801.709961;130.667130;354.104401;99.845901;43.834766
06/11/2019;1795.770020;130.488220;350.052307;99.267670;43.355961
07/11/2019;1788.199951;132.168152;355.196686;98.778419;44.020424
08/11/2019;1785.880005;137.138382;348.924011;98.938171;44.020424
11/11/2019;1771.650024;135.925644;364.789612;97.979645;43.658882
12/11/2019;1778.000000;137.754684;360.733734;97.939705;43.463451
13/11/2019;1753.109985;147.834290;360.355988;97.610214;43.053051
14/11/2019;1754.599976;146.273636;365.266785;98.698540;43.424366
15/11/2019;1739.489990;143.808411;369.481689;99.537254;43.824993
18/11/2019;1752.530029;146.770660;367.274811;100.016518;43.678421
19/11/2019;1752.790039;147.496323;364.829376;100.056458;43.473221
20/11/2019;1745.530029;146.054947;368.716248;99.107918;42.671959
21/11/2019;1734.709961;146.025116;364.272675;98.928192;42.523693
22/11/2019;1745.719971;147.406845;369.143707;101.064911;43.176079
25/11/2019;1773.839966;148.798508;370.923126;102.932045;43.986618
26/11/2019;1796.939941;150.736893;371.300873;105.158630;44.164543
27/11/2019;1818.510010;150.577850;365.823456;106.207024;44.698315
29/11/2019;1800.800049;150.677261;364.014221;104.839119;44.559929
02/12/2019;1781.599976;149.722961;353.079285;104.589500;43.976734
03/12/2019;1769.959961;147.695129;349.997620;103.790726;43.037693
04/12/2019;1760.689941;147.396912;346.776764;104.020378;43.373772
05/12/2019;1740.479980;146.561905;343.635468;104.749260;43.690079
06/12/2019;1751.599976;146.780609;351.995728;105.308403;44.253506
09/12/2019;1749.510010;145.339249;349.132751;104.589500;44.886120
10/12/2019;1739.209961;145.229889;345.842346;104.539574;44.797157
11/12/2019;1748.719971;146.711014;347.929932;105.538040;45.261738
12/12/2019;1760.329956;146.880005;344.241882;106.356789;46.358932
13/12/2019;1760.939941;146.380005;339.649200;107.035744;46.902588
16/12/2019;1769.209961;148.460007;325.065948;108.313789;46.447895
17/12/2019;1790.660034;147.729996;325.065948;108.633301;46.655472
18/12/2019;1784.030029;146.259995;328.724182;109.082611;46.042625
19/12/2019;1792.280029;146.149994;331.527496;110.170937;46.111816
20/12/2019;1786.500000;146.880005;326.060028;111.249283;49.630745
23/12/2019;1793.000000;144.679993;335.553558;111.109497;50.668629
24/12/2019;1789.209961;145.289993;331.030457;111.199364;50.352322
26/12/2019;1868.770020;145.699997;327.968689;111.768486;50.737823
27/12/2019;1869.800049;145.750000;328.187408;112.217796;50.737823
30/12/2019;1846.890015;143.770004;324.469513;111.199364;50.431400
31/12/2019;1847.839966;144.630005;323.833313;110.740067;50.243595
02/01/2020;1898.010010;148.199997;331.348572;111.279236;50.718056
03/01/2020;1874.969971;146.500000;330.791901;109.821472;49.314434
06/01/2020;1902.880005;145.649994;331.766083;109.252342;47.821857
07/01/2020;1906.859985;145.699997;335.285156;108.124077;47.970123
08/01/2020;1891.969971;145.399994;329.410095;109.042671;48.197472
09/01/2020;1901.050049;144.830002;334.350708;108.922852;48.632397
10/01/2020;1883.160034;144.619995;327.968689;108.433601;48.286434
13/01/2020;1891.300049;143.880005;328.266907;109.122543;48.790550
14/01/2020;1869.439941;145.199997;330.384308;108.922852;49.630745
15/01/2020;1862.020020;144.320007;327.849396;109.462021;49.858089
16/01/2020;1877.939941;145.119995;330.036377;111.429008;50.757591
17/01/2020;1864.719971;144.330002;322.232819;113.745453;51.301250
21/01/2020;1892.000000;143.559998;311.516571;110.450508;50.105206
22/01/2020;1887.459961;144.009995;307.172424;110.680153;49.304554
23/01/2020;1884.579956;142.199997;315.910431;110.789986;48.879513
24/01/2020;1861.640015;140.080002;321.139313;108.323769;46.971779
27/01/2020;1828.339966;135.899994;314.727478;104.779213;44.747734
28/01/2020;1853.250000;138.369995;314.687714;107.694740;45.963547
29/01/2020;1858.000000;136.059998;320.115387;109.841446;45.963547
30/01/2020;1870.680054;137.809998;321.387817;108.902885;44.233734
31/01/2020;2008.719971;138.309998;316.387573;107.634834;43.027809
03/02/2020;2004.199951;141.320007;314.131012;107.684753;42.256809
04/02/2020;2049.669922;144.729996;316.059540;110.770020;43.057465
05/02/2020;2039.869995;141.369995;327.600861;113.086464;43.630772
06/02/2020;2050.229980;142.699997;339.410614;112.527321;43.274925
07/02/2020;2079.280029;141.020004;334.758301;110.670166;41.713154
10/02/2020;2133.909912;142.589996;342.631470;111.199364;41.297997
11/02/2020;2150.800049;141.009995;342.382935;112.766953;42.454502
12/02/2020;2160.000000;141.850006;345.395020;113.525787;43.551697
13/02/2020;2149.870117;140.899994;342.820007;112.786919;42.701618
14/02/2020;2134.870117;139.539993;340.489990;113.056511;42.108536
18/02/2020;2155.669922;139.139999;338.880005;111.758499;42.424847
19/02/2020;2170.219971;141.300003;338.299988;112.497368;42.840000
20/02/2020;2153.100098;140.369995;336.279999;111.828392;42.500000
21/02/2020;2095.969971;138.970001;330.380005;109.402115;41.689999
24/02/2020;2009.290039;133.009995;317.899994;103.860619;37.759998
25/02/2020;1972.739990;128.190002;304.140015;98.728493;35.840000
26/02/2020;1979.589966;123.360001;305.589996;97.750000;33.139999
27/02/2020;1884.300049;118.040001;287.760010;95.830002;31.850000
28/02/2020;1883.750000;117.650002;275.109985;97.199997;33.459999
02/03/2020;1953.949951;119.980003;289.269989;96.459999;33.060001
03/03/2020;1908.989990;116.449997;280.619995;93.330002;31.830000
04/03/2020;1975.829956;119.180000;283.119995;98.389999;32.459999
05/03/2020;1924.030029;113.980003;260.369995;91.500000;27.870001
06/03/2020;1901.089966;115.269997;262.329987;90.449997;27.150000
09/03/2020;1800.609985;104.349998;227.169998;86.180000;21.740000
10/03/2020;1891.819946;111.459999;231.009995;90.320000;24.020000
11/03/2020;1820.859985;105.510002;189.080002;81.089996;21.750000
12/03/2020;1676.609985;91.809998;154.839996;76.720001;14.970000
13/03/2020;1785.000000;102.519997;170.199997;78.629997;17.580000
16/03/2020;1689.150024;95.010002;129.610001;69.540001;14.570000
17/03/2020;1807.839966;93.529999;124.139999;64.830002;12.710000
18/03/2020;1830.000000;88.800003;101.889999;56.680000;9.300000
19/03/2020;1880.930054;94.930000;97.709999;58.029999;10.000000
20/03/2020;1846.089966;85.980003;95.010002;61.599998;12.000000
23/03/2020;1902.829956;85.760002;105.620003;63.330002;12.000000
24/03/2020;1940.099976;98.120003;127.680000;69.389999;13.680000
25/03/2020;1885.839966;100.730003;158.729996;72.250000;15.550000
26/03/2020;1955.489990;105.360001;180.550003;73.199997;17.820000
27/03/2020;1900.099976;96.400002;162.000000;69.150002;14.410000
30/03/2020;1963.949951;99.800003;152.279999;68.680000;12.800000
31/03/2020;1949.719971;96.599998;149.139999;68.239998;13.170000
01/04/2020;1907.699951;94.919998;130.699997;63.040001;8.800000
02/04/2020;1918.829956;96.970001;123.269997;57.860001;7.970000
03/04/2020;1906.589966;93.879997;124.519997;55.939999;8.490000
06/04/2020;1997.589966;99.580002;148.770004;63.799999;10.210000
07/04/2020;2011.599976;101.239998;141.580002;65.830002;11.300000
08/04/2020;2043.000000;101.070000;146.869995;70.089996;11.990000
09/04/2020;2042.760010;104.500000;151.839996;68.449997;12.420000
13/04/2020;2168.870117;103.500000;147.330002;66.639999;11.500000
14/04/2020;2283.320068;106.029999;141.000000;70.010002;12.510000
15/04/2020;2307.679932;103.370003;145.979996;69.870003;12.380000
16/04/2020;2408.189941;102.019997;134.240005;70.150002;11.850000
17/04/2020;2375.000000;106.629997;154.000000;75.620003;12.560000
20/04/2020;2393.610107;102.260002;143.610001;72.279999;12.220000
21/04/2020;2328.120117;100.540001;136.330002;71.349998;11.840000
22/04/2020;2363.489990;100.989998;134.970001;70.790001;11.640000
23/04/2020;2399.449951;101.000000;137.740005;71.940002;12.170000
24/04/2020;2410.219971;101.190002;128.979996;71.370003;11.910000
27/04/2020;2376.000000;106.059998;128.679993;75.190002;12.980000
28/04/2020;2314.080078;106.209999;131.300003;75.750000;14.460000
29/04/2020;2372.709961;112.250000;139.000000;79.279999;16.690001
30/04/2020;2474.000000;108.150002;141.020004;75.709999;15.900000
01/05/2020;2286.040039;105.500000;133.369995;72.029999;13.930000
04/05/2020;2315.989990;103.180000;131.460007;71.410004;14.340000
05/05/2020;2317.800049;101.059998;125.400002;71.739998;13.090000
06/05/2020;2351.260010;100.879997;121.860001;70.790001;12.820000
07/05/2020;2367.610107;105.570000;128.649994;71.900002;13.530000
08/05/2020;2379.610107;109.160004;133.440002;72.190002;14.210000
11/05/2020;2409.000000;107.769997;128.910004;68.300003;13.850000
12/05/2020;2356.949951;104.559998;125.220001;67.000000;13.190000
13/05/2020;2367.919922;102.919998;121.500000;64.849998;12.260000
14/05/2020;2388.850098;105.910004;122.519997;68.169998;12.270000
15/05/2020;2409.780029;109.050003;120.000000;68.540001;12.780000
18/05/2020;2426.260010;116.849998;135.440002;73.070000;14.720000
19/05/2020;2449.330078;114.370003;130.440002;75.290001;14.110000
20/05/2020;2497.939941;119.919998;133.320007;77.720001;14.150000
21/05/2020;2446.739990;117.830002;139.000000;77.660004;14.600000
22/05/2020;2436.879883;118.019997;137.529999;78.389999;14.460000
26/05/2020;2421.860107;120.949997;144.729996;81.690002;16.280001
27/05/2020;2410.389893;121.529999;149.520004;83.150002;17.240000
28/05/2020;2401.100098;116.750000;149.820007;80.620003;15.930000
29/05/2020;2442.370117;117.300003;145.850006;79.309998;15.740000
01/06/2020;2471.040039;118.769997;151.389999;81.910004;16.799999
02/06/2020;2472.409912;118.750000;153.309998;83.599998;16.870001
03/06/2020;2478.399902;122.180000;173.160004;86.110001;17.250000
04/06/2020;2460.600098;123.690002;184.300003;86.339996;18.480000
05/06/2020;2483.000000;124.820000;205.429993;87.199997;21.510000
08/06/2020;2524.060059;127.279999;230.500000;89.699997;24.910000
09/06/2020;2600.860107;123.889999;216.740005;86.129997;23.040001
10/06/2020;2647.449951;122.180000;203.410004;82.830002;20.590000
11/06/2020;2557.959961;112.639999;170.000000;77.589996;17.440001
12/06/2020;2545.020020;115.489998;189.509995;77.449997;19.980000
15/06/2020;2572.679932;117.080002;190.940002;77.480003;19.440001
16/06/2020;2615.270020;118.440002;197.770004;78.250000;20.420000
17/06/2020;2640.979980;117.650002;192.539993;76.419998;19.090000
18/06/2020;2653.979980;118.370003;192.289993;78.160004;18.820000
19/06/2020;2675.010010;114.349998;187.020004;76.169998;17.830000
22/06/2020;2713.820068;115.919998;188.520004;76.080002;17.230000
23/06/2020;2764.409912;116.589996;187.880005;75.680000;18.000000
24/06/2020;2734.399902;112.070000;176.690002;73.190002;16.000000
25/06/2020;2754.580078;111.360001;174.880005;72.510002;16.000000
26/06/2020;2692.870117;109.099998;170.009995;71.160004;15.780000
29/06/2020;2680.379883;111.519997;194.490005;73.919998;16.780001
30/06/2020;2758.820068;111.510002;183.300003;73.449997;16.420000
01/07/2020;2878.699951;113.010002;180.320007;74.440002;16.360001
02/07/2020;2890.300049;112.180000;180.809998;74.519997;15.880000
06/07/2020;3057.040039;114.430000;187.910004;76.239998;15.610000
07/07/2020;3000.120117;113.629997;178.880005;74.169998;14.570000
08/07/2020;3081.110107;116.660004;180.080002;75.089996;15.320000
09/07/2020;3182.629883;116.809998;173.279999;74.129997;14.580000
10/07/2020;3200.000000;119.339996;178.440002;75.239998;16.160000
13/07/2020;3104.000000;116.220001;175.649994;73.580002;15.280000
14/07/2020;3084.000000;118.660004;179.960007;73.510002;15.040000
15/07/2020;3008.870117;120.900002;187.940002;80.919998;17.480000
16/07/2020;2999.899902;119.430000;178.699997;80.889999;15.780000
17/07/2020;2961.969971;118.650002;175.660004;79.900002;15.470000
20/07/2020;3196.840088;117.790001;174.419998;78.169998;15.000000
21/07/2020;3138.290039;118.620003;178.630005;80.120003;15.190000
22/07/2020;3099.909912;119.029999;179.789993;79.620003;15.140000
23/07/2020;2986.550049;118.120003;176.449997;78.860001;14.800000
24/07/2020;3008.909912;117.610001;173.759995;77.430000;14.800000
27/07/2020;3055.209961;116.309998;170.210007;77.339996;13.750000
28/07/2020;3000.330078;116.180000;170.839996;76.669998;14.330000
29/07/2020;3033.530029;115.610001;166.009995;77.389999;14.650000
30/07/2020;3051.879883;115.660004;161.949997;76.139999;14.340000
31/07/2020;3164.679932;116.940002;158.000000;75.050003;13.880000
03/08/2020;3111.889893;116.349998;162.270004;74.739998;13.070000
04/08/2020;3138.830078;117.290001;165.070007;78.320000;13.740000
05/08/2020;3205.030029;127.610001;174.279999;80.000000;14.020000
06/08/2020;3225.000000;130.820007;172.199997;82.699997;13.780000
07/08/2020;3167.459961;129.929993;170.020004;83.699997;14.220000
10/08/2020;3148.159912;128.789993;179.410004;86.199997;15.440000
11/08/2020;3080.669922;130.490005;180.130005;87.019997;15.820000
12/08/2020;3162.239990;131.789993;175.440002;85.889999;15.190000
13/08/2020;3161.020020;130.960007;174.729996;85.500000;15.220000
14/08/2020;3148.020020;130.529999;178.080002;86.000000;15.470000
17/08/2020;3182.409912;129.369995;172.009995;84.980003;14.680000
18/08/2020;3312.489990;128.919998;170.229996;84.070000;14.410000
19/08/2020;3260.479980;127.769997;169.270004;84.489998;14.600000
20/08/2020;3297.370117;128.119995;169.580002;85.099998;14.540000
21/08/2020;3284.719971;127.440002;167.500000;87.349998;14.650000
24/08/2020;3307.459961;130.690002;178.270004;88.400002;16.139999
25/08/2020;3346.489990;129.789993;174.729996;88.440002;15.890000
26/08/2020;3441.850098;132.179993;171.899994;86.800003;15.280000
27/08/2020;3400.000000;133.729996;174.199997;88.800003;16.120001
28/08/2020;3401.800049;135.539993;175.800003;91.730003;17.209999
31/08/2020;3450.959961;131.869995;171.820007;90.360001;16.480000
01/09/2020;3499.120117;133.550003;172.100006;91.709999;16.510000
02/09/2020;3531.449951;135.389999;174.779999;91.339996;16.709999
03/09/2020;3368.000000;133.240005;168.770004;91.300003;17.580000
04/09/2020;3294.620117;131.990005;171.050003;90.940002;18.530001
08/09/2020;3149.840088;134.199997;161.080002;91.900002;18.290001
09/09/2020;3268.610107;133.360001;160.779999;90.389999;17.660000
10/09/2020;3175.110107;133.220001;157.690002;89.360001;17.879999
11/09/2020;3116.219971;131.750000;160.229996;87.370003;17.690001
14/09/2020;3102.969971;131.250000;165.350006;92.309998;17.850000
15/09/2020;3156.129883;131.240005;163.490005;91.940002;15.930000
16/09/2020;3078.100098;132.089996;167.460007;94.029999;16.459999
17/09/2020;3008.729980;130.220001;167.529999;91.169998;16.240000
18/09/2020;2954.909912;128.630005;161.139999;89.639999;15.310000
21/09/2020;2960.469971;125.410004;156.350006;85.480003;14.290000
22/09/2020;3128.989990;127.209999;156.800003;85.239998;14.410000
23/09/2020;2999.860107;123.279999;151.179993;83.860001;14.130000
24/09/2020;3019.790039;122.489998;146.050003;83.070000;13.740000
25/09/2020;3095.129883;124.000000;156.029999;85.930000;15.070000
28/09/2020;3174.050049;125.989998;166.080002;89.059998;15.310000
29/09/2020;3144.879883;125.400002;163.600006;86.599998;15.070000
30/09/2020;3148.729980;124.080002;165.259995;85.320000;15.180000
01/10/2020;3221.260010;123.309998;167.860001;87.220001;15.030000
02/10/2020;3125.000000;122.550003;168.080002;87.959999;15.160000
05/10/2020;3199.199951;123.370003;171.199997;89.300003;14.960000
06/10/2020;3099.959961;120.930000;159.539993;89.599998;15.190000
07/10/2020;3195.689941;122.910004;164.610001;91.720001;15.990000
08/10/2020;3190.550049;123.089996;168.000000;92.540001;15.610000
09/10/2020;3286.649902;124.980003;167.330002;91.370003;15.690000
12/10/2020;3442.929932;124.970001;167.350006;91.349998;15.210000
13/10/2020;3443.629883;128.960007;162.139999;88.639999;14.030000
14/10/2020;3363.709961;126.589996;163.240005;88.300003;13.970000
15/10/2020;3338.649902;127.360001;164.240005;88.680000;14.020000
16/10/2020;3272.709961;126.809998;167.350006;89.500000;14.080000
19/10/2020;3207.209961;124.230003;167.110001;87.550003;14.150000
20/10/2020;3217.010010;124.949997;167.240005;89.570000;14.610000
21/10/2020;3184.939941;126.629997;163.860001;88.970001;14.480000
22/10/2020;3176.399902;127.559998;169.070007;94.389999;15.190000
23/10/2020;3204.399902;128.350006;167.360001;94.610001;15.360000
26/10/2020;3207.040039;124.059998;160.830002;90.379997;14.030000
27/10/2020;3286.330078;123.309998;155.240005;87.669998;13.760000
28/10/2020;3162.780029;118.470001;148.139999;84.019997;12.300000
29/10/2020;3211.010010;121.540001;148.289993;86.510002;12.980000
30/10/2020;3036.149902;121.250000;144.389999;87.809998;13.710000
02/11/2020;3004.479980;120.129997;148.600006;88.000000;13.550000
03/11/2020;3048.409912;124.019997;153.649994;90.650002;13.710000
04/11/2020;3241.159912;125.070000;151.630005;93.089996;13.340000
05/11/2020;3322.000000;126.959999;157.089996;94.080002;14.180000
06/11/2020;3311.370117;127.459999;157.740005;92.839996;13.820000
09/11/2020;3143.739990;142.589996;179.360001;104.190002;19.250000
10/11/2020;3035.020020;142.110001;188.690002;104.239998;16.730000
11/11/2020;3137.389893;137.820007;182.149994;103.750000;16.209999
12/11/2020;3110.280029;135.520004;176.720001;102.050003;14.930000
13/11/2020;3128.810059;138.360001;187.110001;105.800003;16.010000
16/11/2020;3131.060059;144.669998;202.399994;106.580002;17.570000
17/11/2020;3135.659912;144.500000;210.050003;103.339996;18.049999
18/11/2020;3105.459961;143.899994;203.300003;103.349998;17.590000
19/11/2020;3117.020020;141.720001;205.669998;102.800003;18.190001
20/11/2020;3099.399902;141.070007;199.619995;101.760002;17.370001
23/11/2020;3098.389893;145.979996;211.529999;105.050003;18.180000
24/11/2020;3118.060059;151.490005;218.490005;108.940002;20.230000
25/11/2020;3185.070068;149.089996;217.610001;106.300003;20.650000
27/11/2020;3195.340088;147.130005;216.500000;104.410004;21.580000
30/11/2020;3168.040039;148.009995;210.710007;103.629997;19.980000
01/12/2020;3220.080078;149.440002;213.009995;104.839996;20.150000
02/12/2020;3203.530029;153.610001;223.850006;106.750000;21.160000
03/12/2020;3186.729980;153.240005;237.199997;109.160004;22.879999
04/12/2020;3162.580078;154.139999;232.710007;110.849998;23.450001
07/12/2020;3158.000000;153.679993;238.169998;109.830002;23.200001
08/12/2020;3177.290039;153.720001;236.570007;109.050003;23.570000
09/12/2020;3104.199951;154.429993;232.059998;106.699997;22.690001
10/12/2020;3101.489990;154.690002;234.429993;107.360001;22.320000
11/12/2020;3116.419922;175.720001;230.330002;104.739998;21.320000
14/12/2020;3156.969971;169.300003;228.619995;103.040001;20.930000
15/12/2020;3165.120117;173.940002;229.500000;104.970001;21.530001
16/12/2020;3240.959961;173.119995;225.869995;104.410004;21.760000
17/12/2020;3236.080078;173.550003;221.240005;104.699997;21.629999
18/12/2020;3201.649902;172.889999;219.750000;104.610001;21.459999
21/12/2020;3206.179932;170.690002;219.309998;103.989998;21.059999
22/12/2020;3206.520020;170.449997;218.779999;102.949997;19.809999
23/12/2020;3185.270020;173.550003;219.690002;106.510002;20.940001
24/12/2020;3172.689941;173.729996;217.149994;106.889999;20.840000
28/12/2020;3283.959961;178.860001;216.089996;107.379997;21.709999
29/12/2020;3322.000000;177.300003;216.250000;107.949997;21.430000
30/12/2020;3285.850098;181.169998;216.669998;110.180000;21.790001
31/12/2020;3256.929932;181.179993;214.059998;111.260002;21.660000
04/01/2021;3186.629883;177.679993;202.720001;107.459999;20.379999
05/01/2021;3218.510010;178.440002;211.630005;107.949997;20.600000
06/01/2021;3138.379883;179.119995;211.029999;110.769997;20.400000
07/01/2021;3162.159912;178.580002;212.710007;113.290001;20.740000
08/01/2021;3182.699951;178.690002;209.899994;114.160004;20.469999
11/01/2021;3114.209961;179.089996;206.789993;113.180000;20.139999
12/01/2021;3120.830078;175.990005;208.410004;112.330002;20.129999
13/01/2021;3165.889893;176.119995;207.210007;111.870003;20.100000
14/01/2021;3127.469971;173.429993;209.910004;112.110001;20.920000
15/01/2021;3104.250000;171.440002;204.320007;108.410004;20.790001
19/01/2021;3120.760010;172.259995;210.710007;107.930000;20.870001
20/01/2021;3263.379883;173.639999;211.449997;107.699997;20.780001
21/01/2021;3306.989990;171.279999;207.410004;108.820000;20.740000
22/01/2021;3292.229980;172.779999;205.839996;104.959999;20.219999
25/01/2021;3294.000000;171.889999;203.360001;105.120003;19.219999
26/01/2021;3326.129883;169.559998;202.059998;104.669998;18.719999
27/01/2021;3232.580078;163.029999;194.029999;98.669998;18.980000
28/01/2021;3237.620117;171.880005;197.229996;104.000000;19.740000
29/01/2021;3206.199951;168.169998;194.190002;101.389999;18.670000
01/02/2021;3342.879883;170.970001;195.839996;101.919998;18.799999
02/02/2021;3380.000000;176.960007;200.940002;105.790001;19.450001
03/02/2021;3312.530029;176.429993;207.389999;106.599998;20.440001
04/02/2021;3331.000000;180.229996;210.639999;110.519997;21.049999
05/02/2021;3352.149902;181.160004;207.929993;111.669998;21.309999
08/02/2021;3322.939941;190.000000;211.949997;112.320000;21.610001
09/02/2021;3305.000000;188.210007;215.119995;110.349998;21.049999
10/02/2021;3286.580078;189.630005;211.919998;109.339996;20.930000
11/02/2021;3262.129883;190.910004;210.660004;109.500000;20.719999
12/02/2021;3277.709961;187.669998;210.979996;112.139999;20.600000
16/02/2021;3268.949951;186.350006;217.179993;113.610001;22.469999
17/02/2021;3308.639893;186.440002;215.520004;111.430000;23.200001
18/02/2021;3328.229980;183.000000;208.479996;114.120003;22.889999